"";"date";"total_cases";"total_deceased";"total_recovered";"uci_cases";"new_cases";"new_deceased";"new_recovered";"total_antic";"total_pcr";"daily_hosp";"daily_uci";"active";"new_antic";"new_pcr";"positiv_rate_pcr";"incid_14d";"tasa_pcr_7d";"tasa_hosp_ocup";"tasa_ucis_ocup"
"X1";2020-02-29;1;0;0;0;NA;NA;NA;0;13;1;0;1;0;13;NA;0;0;0,0644745325596389;0
"X2";2020-03-01;1;0;0;0;0;0;0;0;13;1;0;1;0;0;NA;0;0;0,0644745325596389;0
"X3";2020-03-02;10;0;0;0;9;0;0;0;23;4;0;10;0;10;0,9;0;0;0,257898130238556;0
"X4";2020-03-03;10;0;0;0;0;0;0;0;47;4;0;10;0;24;0;0;0;0,257898130238556;0
"X5";2020-03-04;10;0;0;0;0;0;0;0;71;4;0;10;0;24;0;0;0;0,257898130238556;0
"X6";2020-03-05;10;0;0;0;0;0;0;0;75;2;0;10;0;4;0;0;0;0,128949065119278;0
"X7";2020-03-06;11;0;0;0;1;0;0;0;79;2;0;11;0;4;0,25;0;0;0,128949065119278;0
"X8";2020-03-07;12;0;0;0;1;0;0;0;84;1;0;12;0;5;0,2;0;22,5;0,0644745325596389;0
"X9";2020-03-08;12;0;0;0;0;0;0;0;89;1;0;12;0;5;0;0;19,2857142857143;0,0644745325596389;0
"X10";2020-03-09;12;0;0;0;0;0;0;0;96;1;0;12;0;7;0;0;6,42857142857143;0,0644745325596389;0
"X11";2020-03-10;12;0;3;0;0;0;3;0;111;1;0;9;0;15;0;0;6,42857142857143;0,0644745325596389;0
"X12";2020-03-11;12;0;4;0;0;0;1;0;145;1;0;8;0;34;0;0;6,42857142857143;0,0644745325596389;0
"X13";2020-03-12;20;0;4;1;8;0;0;0;190;4;1;16;0;45;0,177777777777778;0;8,96825396825397;0,257898130238556;0,869565217391304
"X14";2020-03-13;32;0;5;2;12;0;1;0;240;11;2;27;0;50;0,24;0;8,82539682539683;0,709219858156028;1,73913043478261
"X15";2020-03-14;49;0;5;4;17;0;0;0;344;17;4;44;0;104;0,163461538461538;8,26050891618681;8,3034188034188;1,09606705351386;3,47826086956522
"X16";2020-03-15;58;0;6;5;9;0;1;0;422;19;5;52;0;78;0,115384615384615;9,80935433797184;9,95177045177045;1,22501611863314;4,34782608695652
"X17";2020-03-16;61;0;6;5;3;0;0;0;482;22;5;55;0;60;0,05;8,77679072344849;10,6660561660562;1,41843971631206;4,34782608695652
"X18";2020-03-17;78;1;6;6;17;1;0;0;617;35;6;71;0;135;0,125925925925926;11,7023876312646;12,464997964998;2,25660863958736;5,21739130434783
"X19";2020-03-18;114;1;6;7;36;0;0;0;784;54;7;107;0;167;0,215568862275449;17,8977693184048;15,5445531403615;3,4816247582205;6,08695652173913
"X20";2020-03-19;169;1;6;9;55;0;0;0;1017;78;9;162;0;233;0,236051502145923;27,3629357848688;16,3770349170493;5,02901353965184;7,82608695652174
"X21";2020-03-20;228;3;6;9;59;2;0;0;1353;95;9;219;0;336;0,175595238095238;37,3443840585945;15,4569668898384;6,1250805931657;7,82608695652174
"X22";2020-03-21;296;6;6;10;68;3;0;0;1641;121;10;284;0;288;0,236111111111111;48,8746777541053;16,4948179276895;7,80141843971631;8,69565217391304
"X23";2020-03-22;368;8;6;15;72;2;0;0;1925;146;15;354;0;284;0,253521126760563;61,2654411283855;18,4681966616316;9,41328175370729;13,0434782608696
"X24";2020-03-23;444;12;6;18;76;4;0;0;2219;185;17;426;0;294;0,258503401360544;74,3445802456813;21,4468166810679;11,9277885235332;14,7826086956522
"X25";2020-03-24;532;16;8;20;88;4;2;0;2928;234;19;508;0;709;0,124118476727786;89,4888465920238;21,4209959782373;15,0870406189555;16,5217391304348
"X26";2020-03-25;712;19;10;19;180;3;2;0;3576;288;19;683;0;648;0,277777777777778;120,465755027724;22,3096947711278;18,568665377176;16,5217391304348
"X27";2020-03-26;855;25;11;23;143;6;1;0;4297;347;22;819;0;721;0,198335644937587;143,6984363545;21,7708968110087;22,3726627981947;19,1304347826087
"X28";2020-03-27;953;28;12;30;98;3;1;0;4931;380;27;913;0;634;0,154574132492114;158,498514829334;21,4705953023926;24,5003223726628;23,4782608695652
"X29";2020-03-28;1038;31;16;32;85;3;4;0;5417;386;32;991;0;486;0,174897119341564;170,200902460599;20,5961097056848;24,8871695680206;27,8260869565217
"X30";2020-03-29;1125;33;16;33;87;2;0;0;5730;410;33;1076;0;313;0,277955271565495;183,624229449403;20,9451689171838;26,434558349452;28,695652173913
"X31";2020-03-30;1183;48;18;37;58;15;2;0;6225;437;37;1117;0;495;0,117171717171717;193,089395915867;18,9261448573434;28,1753707285622;32,1739130434783
"X32";2020-03-31;1240;59;23;39;57;11;5;0;6817;415;39;1158;0;592;0,0962837837837838;199,973153346022;18,5285063867148;26,7569310122502;33,9130434782609
"X33";2020-04-01;1278;63;32;41;38;4;9;0;7449;388;41;1183;0;632;0,060126582278481;200,31734121753;15,4192035938677;25,0161186331399;35,6521739130435
"X34";2020-04-02;1351;71;38;42;73;8;6;0;8076;367;41;1242;0;627;0,116427432216906;203,4150320611;14,2490862692866;23,6621534493875;35,6521739130435
"X35";2020-04-03;1420;73;53;42;69;2;15;0;8660;345;42;1294;0;584;0,118150684931507;205,135971418639;13,7287513041351;22,2437137330754;36,5217391304348
"X36";2020-04-04;1460;79;61;42;40;6;8;0;9167;339;42;1320;0;507;0,0788954635108481;200,31734121753;12,357299077982;21,8568665377176;36,5217391304348
"X37";2020-04-05;1488;87;61;46;28;8;0;0;9374;345;46;1340;0;207;0,135265700483092;192,745208044359;10,3188766339476;22,2437137330754;40
"X38";2020-04-06;1520;94;75;46;32;7;14;20;9825;353;46;1351;20;451;0,0709534368070953;185,173074871188;9,65861548588161;22,7595099935525;40
"X39";2020-04-07;1593;99;94;47;73;5;19;66;10505;318;47;1400;46;680;0,107352941176471;182,591665834879;9,81674630577714;20,5029013539652;40,8695652173913
"X40";2020-04-08;1653;105;107;48;60;6;13;117;11147;306;48;1441;51;642;0,0934579439252336;161,940393544412;10,2929086150165;19,7292069632495;41,7391304347826
"X41";2020-04-09;1690;109;122;50;37;4;15;175;11543;299;49;1459;58;396;0,0934343434343434;143,6984363545;9,96443591812271;19,277885235332;42,6086956521739
"X42";2020-04-10;1758;118;133;49;68;9;11;261;11961;301;49;1507;86;418;0,162679425837321;138,535618281883;10,6005607882058;19,4068343004513;42,6086956521739
"X43";2020-04-11;1784;122;143;49;26;4;10;333;12233;296;49;1519;72;272;0,0955882352941176;128,382076072403;10,8390289565382;19,0844616376531;42,6086956521739
"X44";2020-04-12;1831;130;153;47;47;8;10;362;12566;297;47;1548;29;333;0,141141141141141;121,498318642248;10,9229638230817;19,1489361702128;40,8695652173913
"X45";2020-04-13;1844;136;160;48;13;6;7;362;12822;302;48;1548;0;256;0,05078125;113,754091533323;10,6347897258375;19,471308833011;41,7391304347826
"X46";2020-04-14;1877;142;184;47;33;6;24;552;13453;287;47;1551;190;631;0,05229793977813;109,623837075229;9,84828970586123;18,5041908446164;40,8695652173913
"X47";2020-04-15;1901;148;223;44;24;6;39;602;14175;260;44;1530;50;722;0,0332409972299169;107,214521974675;8,98804761021385;16,7633784655061;38,2608695652174
"X48";2020-04-16;1961;151;249;41;60;3;26;981;14801;238;41;1561;379;626;0,0958466453674121;104,977300809874;9,02250906640055;15,3449387491941;35,6521739130435
"X49";2020-04-17;1999;158;287;39;38;7;38;1302;15497;221;39;1554;321;696;0,0545977011494253;99,6423888015034;7,47848442800204;14,2488716956802;33,9130434782609
"X50";2020-04-18;2051;162;306;38;52;4;19;1427;15919;195;38;1583;125;422;0,123222748815166;101,70751603055;7,87326319258845;12,5725338491296;33,0434782608696
"X51";2020-04-19;2091;166;311;35;40;4;5;1617;16381;192;35;1614;190;462;0,0865800865800866;103,772643259597;7,09381955600195;12,3791102514507;30,4347826086957
"X52";2020-04-20;2123;171;345;35;32;5;34;1961;16986;201;35;1607;344;605;0,0528925619834711;103,772643259597;7,12398115576583;12,9593810444874;30,4347826086957
"X53";2020-04-21;2161;175;390;35;38;4;45;2547;17756;189;35;1596;586;770;0,0493506493506494;97,7493555082106;7,08187700680182;12,1856866537718;30,4347826086957
"X54";2020-04-22;2214;179;431;32;53;4;41;3462;18686;175;32;1604;915;930;0,056989247311828;96,5446979579334;7,42113772225769;11,2830431979368;27,8260869565217
"X55";2020-04-23;2278;182;464;31;64;3;33;4523;19631;170;31;1632;1061;945;0,0677248677248677;101,191234223288;7,01939804164991;10,9606705351386;26,9565217391304
"X56";2020-04-24;2316;185;486;31;38;3;22;5493;20239;167;31;1645;970;608;0,0625;96,0284161506717;7,13228802522955;10,7672469374597;26,9565217391304
"X57";2020-04-25;2332;188;568;26;16;3;82;5515;20790;146;26;1576;22;551;0,029038112522686;94,3074767931328;5,78679322105127;9,41328175370729;22,6086956521739
"X58";2020-04-26;2355;192;606;26;23;4;38;5529;21247;142;26;1557;14;457;0,050328227571116;90,1772223350394;5,26890952092312;9,15538362346873;22,6086956521739
"X59";2020-04-27;2394;193;652;26;39;1;46;6376;21875;142;26;1549;847;628;0,0621019108280255;94,6516646646405;5,40047164727389;9,15538362346873;22,6086956521739
"X60";2020-04-28;2444;195;695;26;50;2;43;7270;22711;132;26;1554;894;836;0,0598086124401914;97,5772615724567;5,54987111998164;8,51063829787234;22,6086956521739
"X61";2020-04-29;2510;195;742;25;66;0;47;8218;23833;121;25;1573;948;1122;0,0588235294117647;104,80520687412;5,57607514998073;7,80141843971631;21,7391304347826
"X62";2020-04-30;2556;197;785;24;46;2;43;9052;24748;111;24;1574;834;915;0,0502732240437158;102,395891773566;5,32676595453571;7,15667311411992;20,8695652173913
"X63";2020-05-01;2585;199;812;23;29;2;27;9669;25578;95;23;1574;617;830;0,0349397590361446;100,847046351781;4,93304822648063;6,1250805931657;20
"X64";2020-05-02;2591;201;846;23;6;2;34;9825;26001;94;23;1544;156;423;0,0141843971631206;92,9307253071016;4,72085229277255;6,06060606060606;20
"X65";2020-05-03;2593;202;846;22;2;1;0;9919;26146;88;22;1545;94;145;0,0137931034482759;86,3911557484537;4,19892194816055;5,67375886524823;19,1304347826087
"X66";2020-05-04;2605;204;886;22;12;2;40;11203;26615;89;22;1515;1284;469;0,0255863539445629;82,9492770333759;3,67727113553966;5,73823339780787;19,1304347826087
"X67";2020-05-05;2632;204;912;19;27;0;26;11992;27276;75;19;1516;789;661;0,0408472012102874;81,0562437400831;3,40639383225531;4,83558994197292;16,5217391304348
"X68";2020-05-06;2647;205;957;18;15;1;45;12772;28204;64;18;1485;780;928;0,0161637931034483;74,5166741814352;2,79696902785079;4,12637008381689;15,6521739130435
"X69";2020-05-07;2680;205;996;16;33;0;39;13688;29386;53;16;1479;916;1182;0,0279187817258883;69,1817621730645;2,47761985188183;3,41715022566086;13,9130434782609
"X70";2020-05-08;2687;206;1046;15;7;1;50;14385;30160;47;15;1435;697;774;0,00904392764857881;63,8468501646939;2,10767940348803;3,03030303030303;13,0434782608696
"X71";2020-05-09;2690;206;1078;15;3;0;32;14437;30515;44;15;1406;52;355;0,00845070422535211;61,6096289998933;2,02576950437705;2,83687943262411;13,0434782608696
"X72";2020-05-10;2691;206;1084;14;1;0;6;14437;30643;44;14;1401;0;128;0,0078125;57,8235624133077;1,94033231225883;2,83687943262411;12,1739130434783
"X73";2020-05-11;2708;207;1103;14;17;1;19;14962;31371;44;14;1398;525;728;0,0233516483516484;54,0374958267221;1,90840794664576;2,83687943262411;12,1739130434783
"X74";2020-05-12;2727;207;1174;14;19;0;71;15226;32218;45;14;1346;264;847;0,0224321133412042;48,7025838183514;1,64533526280172;2,90135396518375;12,1739130434783
"X75";2020-05-13;2736;207;1196;14;9;0;22;15532;32822;35;14;1333;306;604;0,0149006622516556;38,8932294803796;1,62729053634754;2,25660863958736;12,1739130434783
"X76";2020-05-14;2756;208;1227;14;20;1;31;16127;33516;33;14;1321;595;694;0,0288184438040346;34,4187871507784;1,64014285174962;2,12765957446809;12,1739130434783
"X77";2020-05-15;2765;208;1257;12;9;0;30;16459;34387;29;12;1300;332;871;0,0103329506314581;30,9769084357005;1,65855746579076;1,86976144422953;10,4347826086957
"X78";2020-05-16;2768;210;1289;11;3;2;32;16482;34971;27;11;1269;23;584;0,00513698630136986;30,4606266284389;1,6112186383053;1,74081237911025;9,56521739130435
"X79";2020-05-17;2771;210;1303;10;3;0;14;16590;35438;28;10;1258;108;467;0,00642398286937901;30,6327205641928;1,59138267929643;1,80528691166989;8,69565217391304
"X80";2020-05-18;2779;210;1330;10;8;0;27;17171;35838;29;10;1239;581;400;0,02;29,9443448211772;1,54350198855859;1,86976144422953;8,69565217391304
"X81";2020-05-19;2784;211;1352;10;5;1;22;17354;36722;26;10;1221;183;884;0,00565610859728507;26,1582782345916;1,30384477793118;1,67633784655061;8,69565217391304
"X82";2020-05-20;2793;211;1377;8;9;0;25;17558;37463;20;8;1205;204;741;0,0121457489878543;25,1257146200682;1,26448887416258;1,28949065119278;6,95652173913043
"X83";2020-05-21;2798;211;1408;8;5;0;31;17918;38315;20;8;1179;360;852;0,00586854460093897;20,3070844189592;0,936633171261218;1,28949065119278;6,95652173913043
"X84";2020-05-22;2806;211;1434;6;8;0;26;18326;38745;17;6;1161;408;430;0,0186046511627907;20,4791783547131;1,05480032170883;1,09606705351386;5,21739130434783
"X85";2020-05-23;2808;211;1448;5;2;0;14;18326;39439;15;5;1149;0;694;0,00288184438040346;20,3070844189592;1,02258400855216;0,967117988394584;4,34782608695652
"X86";2020-05-24;2808;211;1456;5;0;0;8;18358;39620;15;5;1141;32;181;0;20,1349904832054;0,930812824703892;0,967117988394584;4,34782608695652
"X87";2020-05-25;2815;211;1476;5;7;0;20;18923;40247;18;5;1128;565;627;0,0111642743221691;18,4140511256664;0,80458817216345;1,1605415860735;4,34782608695652
"X88";2020-05-26;2818;211;1485;5;3;0;9;19104;40788;19;5;1122;181;541;0,0055452865064695;15,6605481536042;0,803004999437513;1,22501611863314;4,34782608695652
"X89";2020-05-27;2832;211;1506;4;14;0;21;19356;41675;14;4;1115;252;887;0,0157835400225479;16,5210178323736;0,85497344279028;0,902643455834945;3,47826086956522
"X90";2020-05-28;2836;211;1525;4;4;0;19;19869;42393;12;4;1100;513;718;0,00557103064066852;13,7675148603114;0,850723243357845;0,773694390715667;3,47826086956522
"X91";2020-05-29;2844;211;1544;4;8;0;19;20515;43147;12;4;1089;646;754;0,0106100795755968;13,5954209245575;0,736515077826504;0,773694390715667;3,47826086956522
"X92";2020-05-30;2846;211;1568;4;2;0;24;20516;43675;12;4;1067;1;528;0,00378787878787879;13,4233269888036;0,749458426504723;0,773694390715667;3,47826086956522
"X93";2020-05-31;2848;211;1568;4;2;0;0;20523;43819;12;4;1069;7;144;0,0138888888888889;13,2512330530497;0,947871124917421;0,773694390715667;3,47826086956522
"X94";2020-06-01;2852;211;1576;4;4;0;8;20563;44147;13;4;1065;40;328;0,0121951219512195;12,5628573100341;0,962597519618142;0,838168923275306;3,47826086956522
"X95";2020-06-02;2860;211;1589;4;8;0;13;20737;44887;14;4;1060;174;740;0,0108108108108108;13,0791391172958;1,03781929539445;0,902643455834945;3,47826086956522
"X96";2020-06-03;2863;211;1607;3;3;0;18;21194;45654;13;3;1045;457;767;0,00391134289439374;12,0465755027724;0,868216479277958;0,838168923275306;2,60869565217391
"X97";2020-06-04;2869;211;1619;3;6;0;12;21564;46420;12;3;1039;370;766;0,00783289817232376;12,2186694385263;0,900528872587319;0,773694390715667;2,60869565217391
"X98";2020-06-05;2874;211;1625;3;5;0;6;21754;47362;11;3;1038;190;942;0,00530785562632696;11,7023876312646;0,824782816169178;0,709219858156028;2,60869565217391
"X99";2020-06-06;2874;211;1631;3;0;0;6;21754;47870;11;3;1032;0;508;0;11,3581997597569;0,770670262056624;0,709219858156028;2,60869565217391
"X100";2020-06-07;2876;211;1635;4;2;0;4;21771;48010;12;4;1030;17;140;0,0142857142857143;11,7023876312646;0,776339196296987;0,773694390715667;3,47826086956522
"X101";2020-06-08;2884;211;1644;4;8;0;9;22096;48475;13;4;1029;325;465;0,0172043010752688;11,8744815670185;0,84789889806912;0,838168923275306;3,47826086956522
"X102";2020-06-09;2886;211;1660;4;2;0;16;22503;48937;14;4;1015;407;462;0,00432900432900433;11,7023876312646;0,755301662614741;0,902643455834945;3,47826086956522
"X103";2020-06-10;2891;211;1668;4;5;0;8;22729;49728;11;4;1012;226;791;0,00632111251580278;10,1535422094796;0,789726942920585;0,709219858156028;3,47826086956522
"X104";2020-06-11;2897;211;1685;4;6;0;17;23162;50398;11;4;1001;433;670;0,00895522388059702;10,4977300809874;0,805760167324488;0,709219858156028;3,47826086956522
"X105";2020-06-12;2906;211;1699;4;9;0;14;23713;51093;11;4;996;551;695;0,0129496402877698;10,6698240167413;0,914928519630815;0,709219858156028;3,47826086956522
"X106";2020-06-13;2908;211;1707;4;2;0;8;23716;51856;10;4;990;3;763;0,00262123197903014;10,6698240167413;0,952374690759817;0,644745325596389;3,47826086956522
"X107";2020-06-14;2909;211;1711;4;1;0;4;23900;52091;10;4;987;184;235;0,00425531914893617;10,4977300809874;0,809083331662986;0,644745325596389;3,47826086956522
"X108";2020-06-15;2916;211;1713;4;7;0;2;24223;52503;11;4;992;323;412;0,0169902912621359;11,0140118882491;0,806026048618231;0,709219858156028;3,47826086956522
"X109";2020-06-16;2919;211;1729;4;3;0;16;24264;53320;10;4;979;41;817;0,00367197062423501;10,1535422094796;0,796639852835812;0,644745325596389;3,47826086956522
"X110";2020-06-17;2934;211;1746;4;15;0;17;24573;54026;8;4;977;309;706;0,0212464589235127;12,2186694385263;1,00985908723167;0,515796260477112;3,47826086956522
"X111";2020-06-18;2950;212;1781;3;16;1;35;25076;54940;6;3;957;503;914;0,0175054704595186;13,9396087960652;1,13200546693055;0,386847195357834;2,60869565217391
"X112";2020-06-19;2962;212;1800;3;12;0;19;25195;55815;6;3;950;119;875;0,0137142857142857;15,1442663463425;1,14292897302363;0,386847195357834;2,60869565217391
"X113";2020-06-20;2963;212;1802;3;1;0;2;25195;56407;7;3;949;0;592;0,00168918918918919;15,3163602820964;1,12961407602591;0,451321727917473;2,60869565217391
"X114";2020-06-21;2969;212;1810;3;6;0;8;25386;56712;7;3;947;191;305;0,019672131147541;16,0047360251119;1,34985424743455;0,451321727917473;2,60869565217391
"X115";2020-06-22;2981;212;1830;3;12;0;20;25465;56876;8;3;939;79;164;0,0731707317073171;16,6931117681275;2,15243196807999;0,515796260477112;2,60869565217391
"X116";2020-06-23;2988;212;1847;2;7;0;17;25584;57851;8;2;929;119;975;0,00717948717948718;17,553581446897;2,20253934744074;0,515796260477112;1,73913043478261
"X117";2020-06-24;3014;212;1881;2;26;0;34;25741;58825;8;2;921;157;974;0,026694045174538;21,1675540977287;2,28036200816967;0,515796260477112;1,73913043478261
"X118";2020-06-25;3023;212;1906;2;9;0;25;25828;59670;8;2;905;87;845;0,0106508875739645;21,6838359049904;2,18243939551889;0,515796260477112;1,73913043478261
"X119";2020-06-26;3034;212;1932;2;11;0;26;25904;60390;8;2;890;76;720;0,0152777777777778;22,0280237764982;2,20477499642592;0,515796260477112;1,73913043478261
"X120";2020-06-27;3040;212;1937;2;6;0;5;25907;61284;7;2;891;3;894;0,00671140939597315;22,7163995195137;2,27652099937998;0,451321727917473;1,73913043478261
"X121";2020-06-28;3040;212;1938;2;0;0;1;25907;61689;7;2;890;0;405;0;22,5443055837598;1,99549055441511;0,451321727917473;1,73913043478261
"X122";2020-06-29;3046;212;1951;2;6;0;13;25987;62103;8;2;883;80;414;0,0144927536231884;22,3722116480059;1,15723372464184;0,515796260477112;1,73913043478261
"X123";2020-06-30;3059;212;1969;2;13;0;18;26046;62919;8;2;878;59;816;0,0159313725490196;24,0931510055449;1,28226065849231;0,515796260477112;1,73913043478261
"X124";2020-07-01;3066;212;1983;2;7;0;14;26177;63977;6;2;871;131;1058;0,00661625708884688;22,7163995195137;0,995435114411005;0,386847195357834;1,73913043478261
"X125";2020-07-02;3073;212;1997;2;7;0;14;26252;64726;6;2;864;75;749;0,00934579439252336;21,1675540977287;0,976790926104703;0,386847195357834;1,73913043478261
"X126";2020-07-03;3081;212;2007;1;8;0;10;26299;65361;5;1;862;47;635;0,0125984251968504;20,4791783547131;0,938514460662883;0,322372662798195;0,869565217391304
"X127";2020-07-04;3082;212;2008;1;1;0;1;26299;66036;5;1;862;0;675;0,00148148148148148;20,4791783547131;0,863801204741573;0,322372662798195;0,869565217391304
"X128";2020-07-05;3082;212;2008;1;0;0;0;26299;66217;5;1;862;0;181;0;19,4466147401898;0,863801204741573;0,322372662798195;0,869565217391304
"X129";2020-07-06;3086;212;2020;1;4;0;12;26372;66483;5;1;854;73;266;0,0150375939849624;18,0698632541586;0,871584638481202;0,322372662798195;0,869565217391304
"X130";2020-07-07;3091;212;2034;1;5;0;14;26438;67266;5;1;845;66;783;0,00638569604086846;17,7256753826509;0,7352178312219;0,322372662798195;0,869565217391304
"X131";2020-07-08;3102;212;2057;1;11;0;23;26552;67927;4;1;833;114;661;0,0166414523449319;15,1442663463425;0,878434906308829;0,257898130238556;0,869565217391304
"X132";2020-07-09;3106;212;2086;1;4;0;29;26620;68757;4;1;808;68;830;0,00481927710843374;14,283796667573;0,813770373678977;0,257898130238556;0,869565217391304
"X133";2020-07-10;3109;212;2102;1;3;0;16;26706;69322;4;1;795;86;565;0,00530973451327434;12,9070451815419;0,709646221056462;0,257898130238556;0,869565217391304
"X134";2020-07-11;3111;212;2104;1;2;0;2;26706;69712;4;1;795;0;390;0,00512820512820513;12,2186694385263;0,761742273152514;0,257898130238556;0,869565217391304
"X135";2020-07-12;3113;212;2105;1;2;0;1;26706;70061;5;1;796;0;349;0,00573065902578797;12,5628573100341;0,843608830663771;0,322372662798195;0,869565217391304
"X136";2020-07-13;3114;212;2115;1;1;0;10;26773;70371;6;1;787;67;310;0,0032258064516129;11,7023876312646;0,674869008758778;0,386847195357834;0,869565217391304
"X137";2020-07-14;3121;212;2127;1;7;0;12;26843;71057;6;1;782;70;686;0,0102040816326531;10,6698240167413;0,729417374355701;0,386847195357834;0,869565217391304
"X138";2020-07-15;3130;212;2150;1;9;0;23;26908;71633;7;1;768;65;576;0,015625;11,0140118882491;0,714896626570959;0,451321727917473;0,869565217391304
"X139";2020-07-16;3135;212;2158;1;5;0;8;26929;72576;7;1;765;21;943;0,00530222693531283;10,6698240167413;0,721795909812089;0,451321727917473;0,869565217391304
"X140";2020-07-17;3141;212;2170;1;6;0;12;27021;73052;6;1;759;92;476;0,0126050420168067;10,3256361452335;0,82601458843398;0,386847195357834;0,869565217391304
"X141";2020-07-18;3149;212;2171;1;8;0;1;27021;73607;6;1;766;0;555;0,0144144144144144;11,5302936955108;0,958674721094113;0,386847195357834;0,869565217391304
"X142";2020-07-19;3170;212;2186;1;21;0;15;27056;73980;6;1;772;35;373;0,0563002680965147;15,1442663463425;1,68109770781878;0,386847195357834;0,869565217391304
"X143";2020-07-20;3183;212;2203;2;13;0;17;27121;74740;7;2;768;65;760;0,0171052631578947;16,6931117681275;1,87937566076566;0,451321727917473;1,73913043478261
"X144";2020-07-21;3185;212;2206;2;2;0;3;27154;75209;7;2;767;33;469;0,00426439232409382;16,1768299608658;1,79452295635768;0,451321727917473;1,73913043478261
"X145";2020-07-22;3191;212;2219;2;6;0;13;27226;76182;6;2;760;72;973;0,00616649537512847;15,3163602820964;1,65940146171665;0,386847195357834;1,73913043478261
"X146";2020-07-23;3208;212;2237;2;17;0;18;27297;76984;6;2;759;71;802;0,0211970074812968;17,553581446897;1,88646975523071;0,386847195357834;1,73913043478261
"X147";2020-07-24;3218;212;2258;2;10;0;21;27379;77367;5;2;748;82;383;0,0261096605744125;18,7582389971742;2,07939287748222;0,322372662798195;1,73913043478261
"X148";2020-07-25;3224;212;2259;2;6;0;1;27379;77981;4;2;753;0;614;0,00977198697068404;19,4466147401898;2,01307248542893;0,257898130238556;1,73913043478261
"X149";2020-07-26;3229;212;2262;2;5;0;3;27389;78377;4;2;755;10;396;0,0126262626262626;19,9628965474515;1,38915812156819;0,257898130238556;1,73913043478261
"X150";2020-07-27;3244;212;2271;2;15;0;9;27425;78977;5;2;761;36;600;0,025;22,3722116480059;1,5019400764554;0,322372662798195;1,73913043478261
"X151";2020-07-28;3245;212;2273;2;1;0;2;27425;79634;5;2;760;0;657;0,0015220700152207;21,3396480334826;1,4627640434715;0,322372662798195;1,73913043478261
"X152";2020-07-29;3257;212;2286;2;12;0;13;27463;80406;5;2;759;38;772;0,0155440414507772;21,8559298407443;1,59672898740934;0,322372662798195;1,73913043478261
"X153";2020-07-30;3276;212;2301;2;19;0;15;27490;81307;10;2;763;27;901;0,0210876803551609;24,2652449412988;1,59516717132169;0,644745325596389;1,73913043478261
"X154";2020-07-31;3296;212;2319;2;20;0;18;27554;81989;10;2;765;64;682;0,0293255131964809;26,6745600418532;1,64110792306552;0,644745325596389;1,73913043478261
"X155";2020-08-01;3320;212;2326;3;24;0;7;27556;82620;12;3;782;2;631;0,0380348652931854;29,4280630139155;2,04486332767268;0,773694390715667;2,60869565217391
"X156";2020-08-02;3342;212;2329;3;22;0;3;27556;83205;15;3;801;0;585;0,0376068376068376;29,6001569496694;2,40172868453804;0,967117988394584;2,60869565217391
"X157";2020-08-03;3382;212;2334;4;40;0;5;27620;84123;17;4;836;64;918;0,0435729847494553;34,2466932150245;2,66705703810169;1,09606705351386;3,47826086956522
"X158";2020-08-04;3422;212;2352;4;40;0;18;27697;85254;18;4;858;77;1131;0,0353669319186561;40,7862627736724;3,15055506529362;1,1605415860735;3,47826086956522
"X159";2020-08-05;3443;212;2358;4;21;0;6;27750;86222;21;4;873;53;968;0,0216942148760331;43,3676718099808;3,23841468565442;1,35396518375242;3,47826086956522
"X160";2020-08-06;3485;213;2382;4;42;1;24;27863;87323;22;4;890;113;1101;0,0381471389645777;47,6700202038281;3,48212123721752;1,41843971631206;3,47826086956522
"X161";2020-08-07;3517;213;2397;4;32;0;15;27922;88368;23;4;907;59;1045;0,030622009569378;51,4560867904137;3,50064261397319;1,4829142488717;3,47826086956522
"X162";2020-08-08;3549;213;2404;3;32;0;7;27922;89308;22;3;932;0;940;0,0340425531914894;55,9305291200149;3,44360958394896;1,41843971631206;2,60869565217391
"X163";2020-08-09;3578;213;2407;3;29;0;3;27922;89777;23;3;958;0;469;0,0618336886993603;60,0607835781083;3,78970745669928;1,4829142488717;2,60869565217391
"X164";2020-08-10;3595;214;2419;3;17;1;12;27983;90481;25;3;962;61;704;0,0241477272727273;60,4049714496161;3,51220377846031;1,61186331399097;2,60869565217391
"X165";2020-08-11;3661;215;2430;3;66;1;11;28022;92005;26;3;1016;39;1524;0,0433070866141732;71,591077273619;3,62563455982484;1,67633784655061;2,60869565217391
"X166";2020-08-12;3709;215;2458;3;48;0;28;28106;93470;23;3;1036;84;1465;0,0327645051194539;77,7864589607591;3,78378156330228;1,4829142488717;2,60869565217391
"X167";2020-08-13;3774;215;2474;2;65;0;16;28137;94611;24;2;1085;31;1141;0,0569675723049956;85,7027800054382;4,05264489673683;1,54738878143133;1,73913043478261
"X168";2020-08-14;3851;215;2495;2;77;0;21;28209;95870;31;2;1141;72;1259;0,0611596505162828;95,51213434341;4,48889691026404;1,99871050934881;1,73913043478261
"X169";2020-08-15;3911;215;2512;2;60;0;17;28209;97220;32;2;1184;0;1350;0,0444444444444444;101,70751603055;4,63749535673482;2,06318504190845;1,73913043478261
"X170";2020-08-16;3959;215;2520;3;48;0;8;28209;98108;29;3;1224;0;888;0,0540540540540541;106,181958360151;4,52635771894473;1,86976144422953;2,60869565217391
"X171";2020-08-17;3978;215;2537;4;19;0;17;28240;98900;32;4;1226;31;792;0,023989898989899;102,56798570932;4,52410302919004;2,06318504190845;3,47826086956522
"X172";2020-08-18;4033;215;2585;4;55;0;48;28340;100503;37;4;1233;100;1603;0,0343106674984404;105,149394745628;4,39558275610815;2,38555770470664;3,47826086956522
"X173";2020-08-19;4082;216;2602;5;49;1;17;28388;102074;37;5;1264;48;1571;0,0311903246339911;109,968024946737;4,37309446345868;2,38555770470664;4,34782608695652
"X174";2020-08-20;4159;216;2642;5;77;0;40;28457;103357;40;5;1301;69;1283;0,0600155884645362;115,991312698123;4,41663755145211;2,57898130238556;4,34782608695652
"X175";2020-08-21;4254;216;2696;5;95;0;54;28515;105173;50;5;1342;58;1816;0,0523127753303965;126,833230650618;4,29025362022517;3,22372662798195;4,34782608695652
"X176";2020-08-22;4328;216;2740;5;74;0;44;28515;106590;44;5;1372;0;1417;0,0522230063514467;134,061175952282;4,40137593318234;2,83687943262411;4,34782608695652
"X177";2020-08-23;4365;216;2762;5;37;0;22;28515;107531;44;5;1387;0;941;0,0393198724760893;135,437927438313;4,1908876249257;2,83687943262411;4,34782608695652
"X178";2020-08-24;4419;216;2792;5;54;0;30;28566;108698;48;5;1411;51;1167;0,0462724935732648;141,805403061207;4,50921040468807;3,09477756286267;4,34782608695652
"X179";2020-08-25;4505;216;2892;5;86;0;100;28641;110639;49;5;1397;75;1941;0,0443070582174137;145,247281776285;4,65201598638769;3,15925209542231;4,34782608695652
"X180";2020-08-26;4596;216;2950;5;91;0;58;28709;112258;49;5;1430;68;1619;0,0562075355157505;152,647321013702;5,00940471326997;3,15925209542231;4,34782608695652
"X181";2020-08-27;4693;216;3003;5;97;0;53;28766;114033;52;5;1474;57;1775;0,0546478873239437;158,154326957827;4,93272326840436;3,35267569310122;4,34782608695652
"X182";2020-08-28;4819;216;3071;5;126;0;68;28843;115892;51;5;1532;77;1859;0,0677783754706832;166,586929809767;5,1536604132656;3,28820116054159;4,34782608695652
"X183";2020-08-29;4932;218;3122;5;113;2;51;28843;117514;51;5;1592;0;1622;0,0696670776818742;175,707908404724;5,4028614322717;3,28820116054159;4,34782608695652
"X184";2020-08-30;4999;218;3137;5;67;0;15;28850;118196;51;5;1644;7;682;0,0982404692082111;178,977693184048;6,24458424273059;3,28820116054159;4,34782608695652
"X185";2020-08-31;5064;219;3179;7;65;1;42;28906;119156;58;7;1666;56;960;0,0677083333333333;186,894014228727;6,55081052501728;3,73952288845906;6,08695652173913
"X186";2020-09-01;5180;219;3254;6;116;0;75;28961;120751;63;6;1707;55;1595;0,0727272727272727;197,391744309714;6,95681358944384;4,06189555125725;5,21739130434783
"X187";2020-09-02;5285;220;3307;6;105;1;53;28974;122482;67;6;1758;13;1731;0,0606585788561525;207,029004711932;7,02039992287815;4,31979368149581;5,21739130434783
"X188";2020-09-03;5438;220;3374;5;153;0;67;29085;124098;66;5;1844;111;1616;0,0946782178217822;220,108143829228;7,59226178713299;4,25531914893617;4,34782608695652
"X189";2020-09-04;5559;221;3453;7;121;1;79;29120;125847;71;6;1885;35;1749;0,0691823899371069;224,582586158829;7,61231913665333;4,57769181173436;5,21739130434783
"X190";2020-09-05;5675;221;3512;5;116;0;59;29133;127201;62;5;1942;13;1354;0,085672082717873;231,810531460492;7,84096206573903;3,99742101869761;4,34782608695652
"X191";2020-09-06;5735;221;3548;6;60;0;36;29133;128006;64;6;1966;0;805;0,0745341614906832;235,768691982832;7,5023005269172;4,12637008381689;5,21739130434783
"X192";2020-09-07;5818;222;3617;6;83;1;69;29215;129186;70;6;1979;82;1180;0,0703389830508475;240,759416119695;7,5398812371674;4,51321727917473;5,21739130434783
"X193";2020-09-08;5929;222;3716;6;111;0;99;29244;130547;65;6;1991;29;1361;0,0815576781778104;245,061764513542;7,6660298864608;4,19084461637653;5,21739130434783
"X194";2020-09-09;6104;223;3812;6;175;1;96;29289;132396;70;6;2069;45;1849;0,0946457544618713;259,517655116869;8,15156096654249;4,51321727917473;5,21739130434783
"X195";2020-09-10;6258;223;3938;6;154;0;126;29360;134132;73;6;2097;71;1736;0,0887096774193548;269,327009454841;8,06629610365067;4,70664087685364;5,21739130434783
"X196";2020-09-11;6376;223;4027;6;118;0;89;29384;135571;79;6;2126;24;1439;0,0820013898540653;267,95025796881;8,24942467389294;5,09348807221148;5,21739130434783
"X197";2020-09-12;6499;223;4074;6;123;0;47;29435;137022;77;6;2202;51;1451;0,0847691247415576;269,671197326349;8,23652527423129;4,9645390070922;5,21739130434783
"X198";2020-09-13;6611;223;4117;7;112;0;43;29488;138354;81;7;2271;53;1332;0,0840840840840841;277,415424435274;8,3729527398513;5,22243713733075;6,08695652173913
"X199";2020-09-14;6689;223;4192;7;78;0;75;29511;139987;87;7;2274;23;1633;0,0477648499693815;279,652645600074;8,05046512440179;5,60928433268859;6,08695652173913
"X200";2020-09-15;6774;224;4239;8;85;1;47;29512;141499;81;8;2311;1;1512;0,0562169312169312;274,317733591704;7,68845445353208;5,22243713733075;6,95652173913043
"X201";2020-09-16;6897;224;4334;10;123;0;95;29564;143582;85;10;2339;52;2083;0,0590494479116659;277,415424435274;7,17993578852915;5,48033526756931;8,69565217391304
"X202";2020-09-17;6951;227;4398;11;54;3;64;29685;145073;85;11;2326;121;1491;0,0362173038229376;260,378124795638;6,43004473715176;5,48033526756931;9,56521739130435
"X203";2020-09-18;7079;228;4473;11;128;1;75;29747;146817;83;11;2378;62;1744;0,073394495412844;261,582782345916;6,30708910227717;5,35138620245003;9,56521739130435
"X204";2020-09-19;7144;229;4544;11;65;1;71;29748;148258;80;11;2371;1;1441;0,0451075641915337;252,805991622467;5,74049538013397;5,15796260477112;9,56521739130435
"X205";2020-09-20;7211;229;4578;11;67;0;34;29748;148979;84;11;2404;0;721;0,0929264909847434;254,010649172744;5,86681547871482;5,41586073500967;9,56521739130435
"X206";2020-09-21;7266;230;4615;12;55;1;37;29815;149986;93;12;2421;67;1007;0,054617676266137;249,192018971635;5,9647129972399;5,99613152804642;10,4347826086957
"X207";2020-09-22;7336;230;4696;12;70;0;81;29883;151544;84;12;2410;68;1558;0,0449293966623877;242,136167605726;5,80346250360356;5,41586073500967;10,4347826086957
"X208";2020-09-23;7404;230;4751;13;68;0;55;29960;153113;80;13;2423;77;1569;0,0433397068196303;223,722116480059;5,5790376308602;5,15796260477112;11,304347826087
"X209";2020-09-24;7475;230;4858;11;71;0;107;30089;154313;74;11;2387;129;1200;0,0591666666666667;209,438319812486;5,9068856714849;4,77111540941328;9,56521739130435
"X210";2020-09-25;7527;231;4942;13;52;1;84;30145;156054;76;13;2354;56;1741;0,0298678920160827;198,08012005273;5,28507705153116;4,90006447453256;11,304347826087
"X211";2020-09-26;7582;232;5042;13;55;1;100;30145;157391;72;13;2308;0;1337;0,0411368735976066;186,377732421465;5,22835290018935;4,642166344294;11,304347826087
"X212";2020-09-27;7607;232;5091;13;25;0;49;30197;158018;70;13;2284;52;627;0,0398724082934609;171,405560010876;4,47043743317103;4,51321727917473;11,304347826087
"X213";2020-09-28;7682;233;5160;14;75;1;69;30305;159513;78;14;2289;108;1495;0,0501672240802676;170,889278203615;4,40685954480146;5,02901353965184;12,1739130434783
"X214";2020-09-29;7715;233;5216;14;33;0;56;30354;160598;66;14;2266;49;1085;0,0304147465437788;161,940393544412;4,19950740024991;4,25531914893617;12,1739130434783
"X215";2020-09-30;7762;233;5289;13;47;0;73;30432;161900;65;13;2240;78;1302;0,0360983102918587;148,861254427116;4,0960588784246;4,19084461637653;11,304347826087
"X216";2020-10-01;7808;233;5370;14;46;0;81;30573;163408;66;14;2205;141;1508;0,0305039787798408;147,484502941085;3,6865919086128;4,25531914893617;12,1739130434783
"X217";2020-10-02;7874;234;5406;13;66;1;36;30630;164902;60;12;2234;57;1494;0,0441767068273092;136,814678924344;3,89100354877318;3,86847195357834;10,4347826086957
"X218";2020-10-03;7906;234;5523;12;32;0;117;30630;166037;50;12;2149;0;1135;0,0281938325991189;131,135579044466;3,7061029630805;3,22372662798195;10,4347826086957
"X219";2020-10-04;7967;235;5550;13;61;1;27;30632;167003;52;13;2182;2;966;0,0631469979296066;130,103015429942;4,03859710073972;3,35267569310122;11,304347826087
"X220";2020-10-05;8008;235;5639;13;41;0;89;30688;167837;54;13;2134;56;834;0,0491606714628297;127,693700329388;4,02421777763347;3,4816247582205;11,304347826087
"X221";2020-10-06;8055;235;5699;14;47;0;60;30756;168924;49;14;2121;68;1087;0,0432382704691812;123,735539807048;4,20741097656779;3,15925209542231;12,1739130434783
"X222";2020-10-07;8094;235;5945;11;39;0;246;30812;170349;48;11;1914;56;1425;0,0273684210526316;118,744815670185;4,08269827315026;3,09477756286267;9,56521739130435
"X223";2020-10-08;8125;235;6044;12;31;0;99;30872;171912;44;12;1846;60;1563;0,0198336532309661;111,86105824003;3,93026505102348;2,83687943262411;10,4347826086957
"X224";2020-10-09;8194;237;6217;11;69;2;173;30928;173830;46;11;1740;56;1918;0,0359749739311783;114,786655147846;3,81309743822161;2,96582849774339;9,56521739130435
"X225";2020-10-10;8264;237;6328;11;70;0;111;30928;175224;39;10;1699;0;1394;0,0502152080344333;117,368064184154;4,12768851586896;2,51450676982592;8,69565217391304
"X226";2020-10-11;8299;237;6342;10;35;0;14;30928;175710;41;10;1720;0;486;0,0720164609053498;119,089003541693;4,25439512980814;2,6434558349452;8,69565217391304
"X227";2020-10-12;8344;237;6467;11;45;0;125;30928;176368;44;11;1640;0;658;0,0683890577507599;113,926185469076;4,52908636249286;2,83687943262411;9,56521739130435
"X228";2020-10-13;8417;238;6634;11;73;1;167;30973;177348;45;11;1545;45;980;0,0744897959183674;120,809942899232;4,97553672605266;2,90135396518375;9,56521739130435
"X229";2020-10-14;8478;238;6736;10;61;0;102;31055;178595;43;9;1504;82;1247;0,0489174017642342;123,219257999787;5,28337930764698;2,77240490006447;7,82608695652174
"X230";2020-10-15;8563;240;7062;8;85;2;326;31095;180245;42;8;1261;40;1650;0,0515151515151515;129,930921494188;5,7359721402782;2,70793036750484;6,95652173913043
"X231";2020-10-16;8665;241;7256;8;102;1;194;31168;181790;44;8;1168;73;1545;0,0660194174757282;136,126303181328;6,16517847662892;2,83687943262411;6,95652173913043
"X232";2020-10-17;8820;244;7434;5;155;3;178;31168;182964;41;4;1142;0;1174;0,132027257240204;157,293857279057;7,33392203671136;2,6434558349452;3,47826086956522
"X233";2020-10-18;8868;244;7452;5;48;0;18;31168;183718;43;5;1172;0;754;0,0636604774535809;155,056636114257;7,21455084454323;2,77240490006447;4,34782608695652
"X234";2020-10-19;8961;244;7552;8;93;0;100;31200;185168;53;8;1165;32;1450;0,0641379310344828;164,005520773459;7,15382046288213;3,41715022566086;6,95652173913043
"X235";2020-10-20;9120;244;7612;8;159;0;60;31257;186547;53;8;1264;57;1379;0,11530094271211;183,280041577895;7,73683684564989;3,41715022566086;6,95652173913043
"X236";2020-10-21;9334;245;7682;8;214;1;70;31288;188879;53;8;1407;31;2332;0,0917667238421955;213,396480334826;8,34897001819219;3,41715022566086;6,95652173913043
"X237";2020-10-22;9452;245;7727;6;118;0;45;31327;190323;54;6;1480;39;1444;0,0817174515235457;228,368652745415;8,78043144688354;3,4816247582205;5,21739130434783
"X238";2020-10-23;9637;245;7880;7;185;0;153;31394;192153;64;7;1512;67;1830;0,101092896174863;248,331549292866;9,28148114258547;4,12637008381689;6,08695652173913
"X239";2020-10-24;9811;245;7915;8;174;0;35;31394;194076;62;8;1651;0;1923;0,0904836193447738;266,229318611271;8,68800060122218;3,99742101869761;6,95652173913043
"X240";2020-10-25;9975;245;8119;10;164;0;204;31394;195288;71;10;1611;0;1212;0,135313531353135;288,429436323523;9,7116156569301;4,57769181173436;8,69565217391304
